catid,lat,lng,location,description
yikiat,103.84435,1.28351,www.yoursingapore.com/en/see-do-singapore/culture-heritage/heritage-discovery/chinatown-heritage-centre.html,"<html xmlns:fo=""http://www.w3.org/1999/XSL/Format"" xmlns:msxsl=""urn:schemas-microsoft-com:xslt"">

<head>

<META http-equiv=""Content-Type"" content=""text/html"">

<meta http-equiv=""content-type"" content=""text/html; charset=UTF-8"">

</head>

<body style=""marg"
yikiat,103.84763,1.28094,www.yoursingapore.com/en/see-do-singapore/culture-heritage/places-of-worship/thian-hock-keng-temple.html,"<html xmlns:fo=""http://www.w3.org/1999/XSL/Format"" xmlns:msxsl=""urn:schemas-microsoft-com:xslt"">

<head>

<META http-equiv=""Content-Type"" content=""text/html"">

<meta http-equiv=""content-type"" content=""text/html; charset=UTF-8"">

</head>

<body style=""marg"
almund,103.89942,1.31007,www.yoursingapore.com/en/see-do-singapore/culture-heritage/heritage-discovery/eurasian-heritage-centre.html,"<html xmlns:fo=""http://www.w3.org/1999/XSL/Format"" xmlns:msxsl=""urn:schemas-microsoft-com:xslt"">

<head>

<META http-equiv=""Content-Type"" content=""text/html"">

<meta http-equiv=""content-type"" content=""text/html; charset=UTF-8"">

</head>

<body style=""marg"
almund,103.8373356,1.2772186,www.yoursingapore.com/en/see-do-singapore/architecture/historical/shophouses-typology.html,"<html xmlns:fo=""http://www.w3.org/1999/XSL/Format"" xmlns:msxsl=""urn:schemas-microsoft-com:xslt"">

<head>

<META http-equiv=""Content-Type"" content=""text/html"">

<meta http-equiv=""content-type"" content=""text/html; charset=UTF-8"">

</head>

<body style=""marg"
103.84142,1.27549,www.yoursingapore.com/en/see-do-singapore/architecture/modern/pinnacle-at-duxton.html,"<html xmlns:fo=""http://www.w3.org/1999/XSL/Format"" xmlns:msxsl=""urn:schemas-microsoft-com:xslt"">

<head>

<META http-equiv=""Content-Type"" content=""text/html"">

<meta http-equiv=""content-type"" content=""text/html; charset=UTF-8"">

</head>

<body style=""marg"
103.86285,1.30291,www.yoursingapore.com/en/see-do-singapore/architecture/historical/hajjah-fatimah-mosque.html,"<html xmlns:fo=""http://www.w3.org/1999/XSL/Format"" xmlns:msxsl=""urn:schemas-microsoft-com:xslt"">

<head>

<META http-equiv=""Content-Type"" content=""text/html"">

<meta http-equiv=""content-type"" content=""text/html; charset=UTF-8"">

</head>

<body style=""marg"
103.78314,1.28551,www.yoursingapore.com/en/see-do-singapore/culture-heritage/heritage-discovery/haw-par-villa.html,"<html xmlns:fo=""http://www.w3.org/1999/XSL/Format"" xmlns:msxsl=""urn:schemas-microsoft-com:xslt"">

<head>

<META http-equiv=""Content-Type"" content=""text/html"">

<meta http-equiv=""content-type"" content=""text/html; charset=UTF-8"">

</head>

<body style=""marg"
103.83731,1.27731,www.yoursingapore.com/en/see-do-singapore/culture-heritage/heritage-discovery/nus-baba-house.html,"<html xmlns:fo=""http://www.w3.org/1999/XSL/Format"" xmlns:msxsl=""urn:schemas-microsoft-com:xslt"">

<head>

<META http-equiv=""Content-Type"" content=""text/html"">

<meta http-equiv=""content-type"" content=""text/html; charset=UTF-8"">

</head>

<body style=""marg"
103.841222,1.29316,www.yoursingapore.com/en/see-do-singapore/architecture/historical/hong-san-see.html,"<html xmlns:fo=""http://www.w3.org/1999/XSL/Format"" xmlns:msxsl=""urn:schemas-microsoft-com:xslt"">

<head>

<META http-equiv=""Content-Type"" content=""text/html"">

<meta http-equiv=""content-type"" content=""text/html; charset=UTF-8"">

</head>

<body style=""marg"
103.85157,1.29354,www.yoursingapore.com/en/see-do-singapore/architecture/historical/capitol-building-singapore.html,"<html xmlns:fo=""http://www.w3.org/1999/XSL/Format"" xmlns:msxsl=""urn:schemas-microsoft-com:xslt"">

<head>

<META http-equiv=""Content-Type"" content=""text/html"">

<meta http-equiv=""content-type"" content=""text/html; charset=UTF-8"">

</head>

<body style=""marg"
103.85528,1.28986,www.yoursingapore.com/en/see-do-singapore/architecture/modern/esplanade-theatres-on-the-bay.html,"<html xmlns:fo=""http://www.w3.org/1999/XSL/Format"" xmlns:msxsl=""urn:schemas-microsoft-com:xslt"">

<head>

<META http-equiv=""Content-Type"" content=""text/html"">

<meta http-equiv=""content-type"" content=""text/html; charset=UTF-8"">

</head>

<body style=""marg"
103.863613,1.281568,www.yoursingapore.com/en/see-do-singapore/architecture/modern/gardens-by-the-bay.html,"<html xmlns:fo=""http://www.w3.org/1999/XSL/Format"" xmlns:msxsl=""urn:schemas-microsoft-com:xslt"">

<head>

<META http-equiv=""Content-Type"" content=""text/html"">

<meta http-equiv=""content-type"" content=""text/html; charset=UTF-8"">

</head>

<body style=""marg"
103.80305,1.28199,www.yoursingapore.com/en/see-do-singapore/architecture/modern/the-interlace.html,"<html xmlns:fo=""http://www.w3.org/1999/XSL/Format"" xmlns:msxsl=""urn:schemas-microsoft-com:xslt"">

<head>

<META http-equiv=""Content-Type"" content=""text/html"">

<meta http-equiv=""content-type"" content=""text/html; charset=UTF-8"">

</head>

<body style=""marg"
103.846522,1.285563,www.yoursingapore.com/en/see-do-singapore/architecture/modern/parkroyal-on-pickering.html,"<html xmlns:fo=""http://www.w3.org/1999/XSL/Format"" xmlns:msxsl=""urn:schemas-microsoft-com:xslt"">

<head>

<META http-equiv=""Content-Type"" content=""text/html"">

<meta http-equiv=""content-type"" content=""text/html; charset=UTF-8"">

</head>

<body style=""marg"
103.8516,1.3029,www.yoursingapore.com/en/see-do-singapore/architecture/modern/lasalle-college-of-the-arts.html,"<html xmlns:fo=""http://www.w3.org/1999/XSL/Format"" xmlns:msxsl=""urn:schemas-microsoft-com:xslt"">

<head>

<META http-equiv=""Content-Type"" content=""text/html"">

<meta http-equiv=""content-type"" content=""text/html; charset=UTF-8"">

</head>

<body style=""marg"
103.85128,1.2897,www.yoursingapore.com/en/see-do-singapore/architecture/historical/old-supreme-court.html,"<html xmlns:fo=""http://www.w3.org/1999/XSL/Format"" xmlns:msxsl=""urn:schemas-microsoft-com:xslt"">

<head>

<META http-equiv=""Content-Type"" content=""text/html"">

<meta http-equiv=""content-type"" content=""text/html; charset=UTF-8"">

</head>

<body style=""marg"
103.8336,1.28351,www.yoursingapore.com/en/see-do-singapore/architecture/historical/sit-flats.html,"<html xmlns:fo=""http://www.w3.org/1999/XSL/Format"" xmlns:msxsl=""urn:schemas-microsoft-com:xslt"">

<head>

<META http-equiv=""Content-Type"" content=""text/html"">

<meta http-equiv=""content-type"" content=""text/html; charset=UTF-8"">

</head>

<body style=""marg"
103.85044,1.28072,www.yoursingapore.com/en/see-do-singapore/architecture/historical/lau-pa-sat.html,"<html xmlns:fo=""http://www.w3.org/1999/XSL/Format"" xmlns:msxsl=""urn:schemas-microsoft-com:xslt"">

<head>

<META http-equiv=""Content-Type"" content=""text/html"">

<meta http-equiv=""content-type"" content=""text/html; charset=UTF-8"">

</head>

<body style=""marg"
103.85986,1.30309,www.yoursingapore.com/en/see-do-singapore/culture-heritage/heritage-discovery/malay-heritage-centre.html,"<html xmlns:fo=""http://www.w3.org/1999/XSL/Format"" xmlns:msxsl=""urn:schemas-microsoft-com:xslt"">

<head>

<META http-equiv=""Content-Type"" content=""text/html"">

<meta http-equiv=""content-type"" content=""text/html; charset=UTF-8"">

</head>

<body style=""marg"
103.8492,1.29421,www.yoursingapore.com/en/see-do-singapore/culture-heritage/heritage-discovery/peranakan-museum.html,"<html xmlns:fo=""http://www.w3.org/1999/XSL/Format"" xmlns:msxsl=""urn:schemas-microsoft-com:xslt"">

<head>

<META http-equiv=""Content-Type"" content=""text/html"">

<meta http-equiv=""content-type"" content=""text/html; charset=UTF-8"">

</head>

<body style=""marg"
103.85404,1.29579,www.yoursingapore.com/en/see-do-singapore/architecture/historical/raffles-hotel.html,"<html xmlns:fo=""http://www.w3.org/1999/XSL/Format"" xmlns:msxsl=""urn:schemas-microsoft-com:xslt"">

<head>

<META http-equiv=""Content-Type"" content=""text/html"">

<meta http-equiv=""content-type"" content=""text/html; charset=UTF-8"">

</head>

<body style=""marg"
103.80459,1.2784,www.yoursingapore.com/en/see-do-singapore/arts/performance-arts/gillman-barracks.html,"<html xmlns:fo=""http://www.w3.org/1999/XSL/Format"" xmlns:msxsl=""urn:schemas-microsoft-com:xslt"">

<head>

<META http-equiv=""Content-Type"" content=""text/html"">

<meta http-equiv=""content-type"" content=""text/html; charset=UTF-8"">

</head>

<body style=""marg"
103.84883,1.29689,www.yoursingapore.com/en/see-do-singapore/history/history-museums/national-museum-of-singapore.html,"<html xmlns:fo=""http://www.w3.org/1999/XSL/Format"" xmlns:msxsl=""urn:schemas-microsoft-com:xslt"">

<head>

<META http-equiv=""Content-Type"" content=""text/html"">

<meta http-equiv=""content-type"" content=""text/html; charset=UTF-8"">

</head>

<body style=""marg"
103.87584,1.36431,www.yoursingapore.com/en/see-do-singapore/history/memorials/japanese-cemetery-park.html,"<html xmlns:fo=""http://www.w3.org/1999/XSL/Format"" xmlns:msxsl=""urn:schemas-microsoft-com:xslt"">

<head>

<META http-equiv=""Content-Type"" content=""text/html"">

<meta http-equiv=""content-type"" content=""text/html; charset=UTF-8"">

</head>

<body style=""marg"
103.85238,1.28704,www.yoursingapore.com/en/see-do-singapore/history/memorials/dalhousie-obelisk.html,"<html xmlns:fo=""http://www.w3.org/1999/XSL/Format"" xmlns:msxsl=""urn:schemas-microsoft-com:xslt"">

<head>

<META http-equiv=""Content-Type"" content=""text/html"">

<meta http-equiv=""content-type"" content=""text/html; charset=UTF-8"">

</head>

<body style=""marg"
103.850845,1.287766,www.yoursingapore.com/en/see-do-singapore/history/memorials/sir-raffles-statue-landing-site.html,"<html xmlns:fo=""http://www.w3.org/1999/XSL/Format"" xmlns:msxsl=""urn:schemas-microsoft-com:xslt"">

<head>

<META http-equiv=""Content-Type"" content=""text/html"">

<meta http-equiv=""content-type"" content=""text/html; charset=UTF-8"">

</head>

<body style=""marg"
103.8487,1.29294,www.yoursingapore.com/en/see-do-singapore/history/history-museums/philatelic-museum.html,"<html xmlns:fo=""http://www.w3.org/1999/XSL/Format"" xmlns:msxsl=""urn:schemas-microsoft-com:xslt"">

<head>

<META http-equiv=""Content-Type"" content=""text/html"">

<meta http-equiv=""content-type"" content=""text/html; charset=UTF-8"">

</head>

<body style=""marg"
103.853027,1.288483,www.yoursingapore.com/en/see-do-singapore/history/memorials/lim-bo-seng-memorial.html,"<html xmlns:fo=""http://www.w3.org/1999/XSL/Format"" xmlns:msxsl=""urn:schemas-microsoft-com:xslt"">

<head>

<META http-equiv=""Content-Type"" content=""text/html"">

<meta http-equiv=""content-type"" content=""text/html; charset=UTF-8"">

</head>

<body style=""marg"
103.75749,1.41903,www.yoursingapore.com/en/see-do-singapore/history/memorials/kranji-war-memorial.html,"<html xmlns:fo=""http://www.w3.org/1999/XSL/Format"" xmlns:msxsl=""urn:schemas-microsoft-com:xslt"">

<head>

<META http-equiv=""Content-Type"" content=""text/html"">

<meta http-equiv=""content-type"" content=""text/html; charset=UTF-8"">

</head>

<body style=""marg"
103.854217,1.289954,www.yoursingapore.com/en/see-do-singapore/history/memorials/indian-national-army-monument.html,"<html xmlns:fo=""http://www.w3.org/1999/XSL/Format"" xmlns:msxsl=""urn:schemas-microsoft-com:xslt"">

<head>

<META http-equiv=""Content-Type"" content=""text/html"">

<meta http-equiv=""content-type"" content=""text/html; charset=UTF-8"">

</head>

<body style=""marg"
103.79433,1.27954,www.yoursingapore.com/en/see-do-singapore/history/memorials/reflections-at-bukit-chandu.html,"<html xmlns:fo=""http://www.w3.org/1999/XSL/Format"" xmlns:msxsl=""urn:schemas-microsoft-com:xslt"">

<head>

<META http-equiv=""Content-Type"" content=""text/html"">

<meta http-equiv=""content-type"" content=""text/html; charset=UTF-8"">

</head>

<body style=""marg"
103.8538376,1.290348,www.yoursingapore.com/en/see-do-singapore/history/memorials/cenotaph.html,"<html xmlns:fo=""http://www.w3.org/1999/XSL/Format"" xmlns:msxsl=""urn:schemas-microsoft-com:xslt"">

<head>

<META http-equiv=""Content-Type"" content=""text/html"">

<meta http-equiv=""content-type"" content=""text/html; charset=UTF-8"">

</head>

<body style=""marg"
103.854618,1.293123,www.yoursingapore.com/en/see-do-singapore/history/memorials/civilian-war-memorial.html,"<html xmlns:fo=""http://www.w3.org/1999/XSL/Format"" xmlns:msxsl=""urn:schemas-microsoft-com:xslt"">

<head>

<META http-equiv=""Content-Type"" content=""text/html"">

<meta http-equiv=""content-type"" content=""text/html; charset=UTF-8"">

</head>

<body style=""marg"
103.85258,1.30779,www.yoursingapore.com/en/see-do-singapore/culture-heritage/places-of-worship/sri-veeramakaliamman-temple.html,"<html xmlns:fo=""http://www.w3.org/1999/XSL/Format"" xmlns:msxsl=""urn:schemas-microsoft-com:xslt"">

<head>

<META http-equiv=""Content-Type"" content=""text/html"">

<meta http-equiv=""content-type"" content=""text/html; charset=UTF-8"">

</head>

<body style=""marg"
103.85081,1.29821,www.yoursingapore.com/en/see-do-singapore/architecture/historical/maghain-aboth-synagogue.html,"<html xmlns:fo=""http://www.w3.org/1999/XSL/Format"" xmlns:msxsl=""urn:schemas-microsoft-com:xslt"">

<head>

<META http-equiv=""Content-Type"" content=""text/html"">

<meta http-equiv=""content-type"" content=""text/html; charset=UTF-8"">

</head>

<body style=""marg"
103.859171,1.302379,www.yoursingapore.com/en/see-do-singapore/culture-heritage/places-of-worship/sultan-mosque.html,"<html xmlns:fo=""http://www.w3.org/1999/XSL/Format"" xmlns:msxsl=""urn:schemas-microsoft-com:xslt"">

<head>

<META http-equiv=""Content-Type"" content=""text/html"">

<meta http-equiv=""content-type"" content=""text/html; charset=UTF-8"">

</head>

<body style=""marg"
103.84538,1.28243,www.yoursingapore.com/en/see-do-singapore/culture-heritage/places-of-worship/sri-mariamman-temple.html,"<html xmlns:fo=""http://www.w3.org/1999/XSL/Format"" xmlns:msxsl=""urn:schemas-microsoft-com:xslt"">

<head>

<META http-equiv=""Content-Type"" content=""text/html"">

<meta http-equiv=""content-type"" content=""text/html; charset=UTF-8"">

</head>

<body style=""marg"
103.84966,1.29293,www.yoursingapore.com/en/see-do-singapore/culture-heritage/places-of-worship/armenian-church.html,"<html xmlns:fo=""http://www.w3.org/1999/XSL/Format"" xmlns:msxsl=""urn:schemas-microsoft-com:xslt"">

<head>

<META http-equiv=""Content-Type"" content=""text/html"">

<meta http-equiv=""content-type"" content=""text/html; charset=UTF-8"">

</head>

<body style=""marg"
103.85168,1.29526,www.yoursingapore.com/en/see-do-singapore/architecture/historical/chijmes.html,"<html xmlns:fo=""http://www.w3.org/1999/XSL/Format"" xmlns:msxsl=""urn:schemas-microsoft-com:xslt"">

<head>

<META http-equiv=""Content-Type"" content=""text/html"">

<meta http-equiv=""content-type"" content=""text/html; charset=UTF-8"">

</head>

<body style=""marg"
103.85231,1.29249,www.yoursingapore.com/en/see-do-singapore/culture-heritage/places-of-worship/st-andrews-cathedral.html,"<html xmlns:fo=""http://www.w3.org/1999/XSL/Format"" xmlns:msxsl=""urn:schemas-microsoft-com:xslt"">

<head>

<META http-equiv=""Content-Type"" content=""text/html"">

<meta http-equiv=""content-type"" content=""text/html; charset=UTF-8"">

</head>

<body style=""marg"
103.85929,1.28624,www.yoursingapore.com/en/see-do-singapore/arts/museums-galleries/artscience-museum.html,"<html xmlns:fo=""http://www.w3.org/1999/XSL/Format"" xmlns:msxsl=""urn:schemas-microsoft-com:xslt"">

<head>

<META http-equiv=""Content-Type"" content=""text/html"">

<meta http-equiv=""content-type"" content=""text/html; charset=UTF-8"">

</head>

<body style=""marg"
103.76883,1.35232,www.yoursingapore.com/en/see-do-singapore/history/history-museums/memories-at-ford-factory.html,"<html xmlns:fo=""http://www.w3.org/1999/XSL/Format"" xmlns:msxsl=""urn:schemas-microsoft-com:xslt"">

<head>

<META http-equiv=""Content-Type"" content=""text/html"">

<meta http-equiv=""content-type"" content=""text/html; charset=UTF-8"">

</head>

<body style=""marg"
103.84452,1.28343,www.yoursingapore.com/en/see-do-singapore/history/history-museums/singapore-coins-notes-museum.html,"<html xmlns:fo=""http://www.w3.org/1999/XSL/Format"" xmlns:msxsl=""urn:schemas-microsoft-com:xslt"">

<head>

<META http-equiv=""Content-Type"" content=""text/html"">

<meta http-equiv=""content-type"" content=""text/html; charset=UTF-8"">

</head>

<body style=""marg"
103.84513,1.27987,www.yoursingapore.com/en/see-do-singapore/history/history-museums/singapore-city-gallery.html,"<html xmlns:fo=""http://www.w3.org/1999/XSL/Format"" xmlns:msxsl=""urn:schemas-microsoft-com:xslt"">

<head>

<META http-equiv=""Content-Type"" content=""text/html"">

<meta http-equiv=""content-type"" content=""text/html; charset=UTF-8"">

</head>

<body style=""marg"
103.97403,1.36218,www.yoursingapore.com/en/see-do-singapore/history/history-museums/changi-museum.html,"<html xmlns:fo=""http://www.w3.org/1999/XSL/Format"" xmlns:msxsl=""urn:schemas-microsoft-com:xslt"">

<head>

<META http-equiv=""Content-Type"" content=""text/html"">

<meta http-equiv=""content-type"" content=""text/html; charset=UTF-8"">

</head>

<body style=""marg"
103.85439,1.29631,www.yoursingapore.com/en/see-do-singapore/history/history-museums/mint-musuem-of-toys.html,"<html xmlns:fo=""http://www.w3.org/1999/XSL/Format"" xmlns:msxsl=""urn:schemas-microsoft-com:xslt"">

<head>

<META http-equiv=""Content-Type"" content=""text/html"">

<meta http-equiv=""content-type"" content=""text/html; charset=UTF-8"">

</head>

<body style=""marg"
103.68398,1.34379,www.yoursingapore.com/en/see-do-singapore/culture-heritage/heritage-discovery/chinese-heritage-centre.html,"<html xmlns:fo=""http://www.w3.org/1999/XSL/Format"" xmlns:msxsl=""urn:schemas-microsoft-com:xslt"">

<head>

<META http-equiv=""Content-Type"" content=""text/html"">

<meta http-equiv=""content-type"" content=""text/html; charset=UTF-8"">

</head>

<body style=""marg"
103.8595,1.30238,www.yoursingapore.com/en/see-do-singapore/places-to-see/kampong-glam.html,"<html xmlns:fo=""http://www.w3.org/1999/XSL/Format"" xmlns:msxsl=""urn:schemas-microsoft-com:xslt"">

<head>

<META http-equiv=""Content-Type"" content=""text/html"">

<meta http-equiv=""content-type"" content=""text/html; charset=UTF-8"">

</head>

<body style=""marg"
103.8045,1.275,www.yoursingapore.com/en/see-do-singapore/arts/performance-arts/centre-for-contemporary-art.html,"<html xmlns:fo=""http://www.w3.org/1999/XSL/Format"" xmlns:msxsl=""urn:schemas-microsoft-com:xslt"">

<head>

<META http-equiv=""Content-Type"" content=""text/html"">

<meta http-equiv=""content-type"" content=""text/html; charset=UTF-8"">

</head>

<body style=""marg"
103.84934,1.2944,www.yoursingapore.com/en/see-do-singapore/arts/performance-arts/the-substation.html,"<html xmlns:fo=""http://www.w3.org/1999/XSL/Format"" xmlns:msxsl=""urn:schemas-microsoft-com:xslt"">

<head>

<META http-equiv=""Content-Type"" content=""text/html"">

<meta http-equiv=""content-type"" content=""text/html; charset=UTF-8"">

</head>

<body style=""marg"
103.84572,1.27828,www.yoursingapore.com/en/see-do-singapore/arts/museums-galleries/red-dot-design-museum.html,"<html xmlns:fo=""http://www.w3.org/1999/XSL/Format"" xmlns:msxsl=""urn:schemas-microsoft-com:xslt"">

<head>

<META http-equiv=""Content-Type"" content=""text/html"">

<meta http-equiv=""content-type"" content=""text/html; charset=UTF-8"">

</head>

<body style=""marg"
103.851068,1.297424,www.yoursingapore.com/en/see-do-singapore/arts/museums-galleries/singapore-art-museum.html,"<html xmlns:fo=""http://www.w3.org/1999/XSL/Format"" xmlns:msxsl=""urn:schemas-microsoft-com:xslt"">

<head>

<META http-equiv=""Content-Type"" content=""text/html"">

<meta http-equiv=""content-type"" content=""text/html; charset=UTF-8"">

</head>

<body style=""marg"
103.85528,1.2898,www.yoursingapore.com/en/see-do-singapore/arts/performance-arts/esplanade-theatres-on-the-bay.html,"<html xmlns:fo=""http://www.w3.org/1999/XSL/Format"" xmlns:msxsl=""urn:schemas-microsoft-com:xslt"">

<head>

<META http-equiv=""Content-Type"" content=""text/html"">

<meta http-equiv=""content-type"" content=""text/html; charset=UTF-8"">

</head>

<body style=""marg"
103.85351,1.29882,www.yoursingapore.com/en/see-do-singapore/arts/museums-galleries/national-design-centre.html,"<html xmlns:fo=""http://www.w3.org/1999/XSL/Format"" xmlns:msxsl=""urn:schemas-microsoft-com:xslt"">

<head>

<META http-equiv=""Content-Type"" content=""text/html"">

<meta http-equiv=""content-type"" content=""text/html; charset=UTF-8"">

</head>

<body style=""marg"
103.851641,1.28837,www.yoursingapore.com/en/see-do-singapore/arts/performance-arts/victoria-theatre-concert-hall.html,"<html xmlns:fo=""http://www.w3.org/1999/XSL/Format"" xmlns:msxsl=""urn:schemas-microsoft-com:xslt"">

<head>

<META http-equiv=""Content-Type"" content=""text/html"">

<meta http-equiv=""content-type"" content=""text/html; charset=UTF-8"">

</head>

<body style=""marg"
103.7726864,1.3017749,www.yoursingapore.com/en/see-do-singapore/arts/museums-galleries/nus-museum.html,"<html xmlns:fo=""http://www.w3.org/1999/XSL/Format"" xmlns:msxsl=""urn:schemas-microsoft-com:xslt"">

<head>

<META http-equiv=""Content-Type"" content=""text/html"">

<meta http-equiv=""content-type"" content=""text/html; charset=UTF-8"">

</head>

<body style=""marg"
103.84692,1.32795,www.yoursingapore.com/en/see-do-singapore/history/memorials/sun-yat-sen-memorial-hall.html,"<html xmlns:fo=""http://www.w3.org/1999/XSL/Format"" xmlns:msxsl=""urn:schemas-microsoft-com:xslt"">

<head>

<META http-equiv=""Content-Type"" content=""text/html"">

<meta http-equiv=""content-type"" content=""text/html; charset=UTF-8"">

</head>

<body style=""marg"
103.851723,1.287384,www.yoursingapore.com/en/see-do-singapore/history/history-museums/asian-civilizations-museum.html,"<html xmlns:fo=""http://www.w3.org/1999/XSL/Format"" xmlns:msxsl=""urn:schemas-microsoft-com:xslt"">

<head>

<META http-equiv=""Content-Type"" content=""text/html"">

<meta http-equiv=""content-type"" content=""text/html; charset=UTF-8"">

</head>

<body style=""marg"
103.815914,1.31384,www.yoursingapore.com/en/see-do-singapore/nature-wildlife/parks-gardens/singapore-botanic-gardens.html,"<html xmlns:fo=""http://www.w3.org/1999/XSL/Format"" xmlns:msxsl=""urn:schemas-microsoft-com:xslt"">

<head>

<META http-equiv=""Content-Type"" content=""text/html"">

<meta http-equiv=""content-type"" content=""text/html; charset=UTF-8"">

</head>

<body style=""marg"
103.793023,1.404348,www.yoursingapore.com/en/see-do-singapore/nature-wildlife/fun-with-animals/singapore-zoo.html,"<html xmlns:fo=""http://www.w3.org/1999/XSL/Format"" xmlns:msxsl=""urn:schemas-microsoft-com:xslt"">

<head>

<META http-equiv=""Content-Type"" content=""text/html"">

<meta http-equiv=""content-type"" content=""text/html; charset=UTF-8"">

</head>

<body style=""marg"
103.789423,1.403732,www.yoursingapore.com/en/see-do-singapore/nature-wildlife/fun-with-animals/river-safari-singapore.html,"<html xmlns:fo=""http://www.w3.org/1999/XSL/Format"" xmlns:msxsl=""urn:schemas-microsoft-com:xslt"">

<head>

<META http-equiv=""Content-Type"" content=""text/html"">

<meta http-equiv=""content-type"" content=""text/html; charset=UTF-8"">

</head>

<body style=""marg"
103.8192057,1.2713746,www.yoursingapore.com/en/see-do-singapore/nature-wildlife/parks-gardens/mount-faber.html,"<html xmlns:fo=""http://www.w3.org/1999/XSL/Format"" xmlns:msxsl=""urn:schemas-microsoft-com:xslt"">

<head>

<META http-equiv=""Content-Type"" content=""text/html"">

<meta http-equiv=""content-type"" content=""text/html; charset=UTF-8"">

</head>

<body style=""marg"
103.788061,1.402187,www.yoursingapore.com/en/see-do-singapore/nature-wildlife/fun-with-animals/night-safari.html,"<html xmlns:fo=""http://www.w3.org/1999/XSL/Format"" xmlns:msxsl=""urn:schemas-microsoft-com:xslt"">

<head>

<META http-equiv=""Content-Type"" content=""text/html"">

<meta http-equiv=""content-type"" content=""text/html; charset=UTF-8"">

</head>

<body style=""marg"
103.9592605,1.4137409,www.yoursingapore.com/en/see-do-singapore/nature-wildlife/singapore-islands/pulau-ubin.html,"<html xmlns:fo=""http://www.w3.org/1999/XSL/Format"" xmlns:msxsl=""urn:schemas-microsoft-com:xslt"">

<head>

<META http-equiv=""Content-Type"" content=""text/html"">

<meta http-equiv=""content-type"" content=""text/html; charset=UTF-8"">

</head>

<body style=""marg"
103.84982,1.30723,www.yoursingapore.com/en/see-do-singapore/places-to-see/little-india.html,"<html xmlns:fo=""http://www.w3.org/1999/XSL/Format"" xmlns:msxsl=""urn:schemas-microsoft-com:xslt"">

<head>

<META http-equiv=""Content-Type"" content=""text/html"">

<meta http-equiv=""content-type"" content=""text/html; charset=UTF-8"">

</head>

<body style=""marg"
103.83249,1.30429,www.yoursingapore.com/en/see-do-singapore/places-to-see/orchard.html,"<html xmlns:fo=""http://www.w3.org/1999/XSL/Format"" xmlns:msxsl=""urn:schemas-microsoft-com:xslt"">

<head>

<META http-equiv=""Content-Type"" content=""text/html"">

<meta http-equiv=""content-type"" content=""text/html; charset=UTF-8"">

</head>

<body style=""marg"
103.822346,1.344843,www.yoursingapore.com/en/see-do-singapore/nature-wildlife/reserves/macritchie-nature-reserve.html,"<html xmlns:fo=""http://www.w3.org/1999/XSL/Format"" xmlns:msxsl=""urn:schemas-microsoft-com:xslt"">

<head>

<META http-equiv=""Content-Type"" content=""text/html"">

<meta http-equiv=""content-type"" content=""text/html; charset=UTF-8"">

</head>

<body style=""marg"
103.863613,1.281568,www.yoursingapore.com/en/see-do-singapore/nature-wildlife/parks-gardens/gardens-by-the-bay.html,"<html xmlns:fo=""http://www.w3.org/1999/XSL/Format"" xmlns:msxsl=""urn:schemas-microsoft-com:xslt"">

<head>

<META http-equiv=""Content-Type"" content=""text/html"">

<meta http-equiv=""content-type"" content=""text/html; charset=UTF-8"">

</head>

<body style=""marg"
103.85222,1.29324,www.yoursingapore.com/en/see-do-singapore/places-to-see/civic-district.html,"<html xmlns:fo=""http://www.w3.org/1999/XSL/Format"" xmlns:msxsl=""urn:schemas-microsoft-com:xslt"">

<head>

<META http-equiv=""Content-Type"" content=""text/html"">

<meta http-equiv=""content-type"" content=""text/html; charset=UTF-8"">

</head>

<body style=""marg"
103.82057,1.26532,www.yoursingapore.com/en/see-do-singapore/places-to-see/harbourfront.html,"<html xmlns:fo=""http://www.w3.org/1999/XSL/Format"" xmlns:msxsl=""urn:schemas-microsoft-com:xslt"">

<head>

<META http-equiv=""Content-Type"" content=""text/html"">

<meta http-equiv=""content-type"" content=""text/html; charset=UTF-8"">

</head>

<body style=""marg"
103.85624,1.30069,www.yoursingapore.com/en/see-do-singapore/places-to-see/bras-basah-bugis.html,"<html xmlns:fo=""http://www.w3.org/1999/XSL/Format"" xmlns:msxsl=""urn:schemas-microsoft-com:xslt"">

<head>

<META http-equiv=""Content-Type"" content=""text/html"">

<meta http-equiv=""content-type"" content=""text/html; charset=UTF-8"">

</head>

<body style=""marg"
103.85168,1.29731,www.yoursingapore.com/en/see-do-singapore/arts/museums-galleries/8q-sam.html,"<html xmlns:fo=""http://www.w3.org/1999/XSL/Format"" xmlns:msxsl=""urn:schemas-microsoft-com:xslt"">

<head>

<META http-equiv=""Content-Type"" content=""text/html"">

<meta http-equiv=""content-type"" content=""text/html; charset=UTF-8"">

</head>

<body style=""marg"
103.84554,1.28311,www.yoursingapore.com/en/see-do-singapore/culture-heritage/places-of-worship/jamae-mosque.html,"<html xmlns:fo=""http://www.w3.org/1999/XSL/Format"" xmlns:msxsl=""urn:schemas-microsoft-com:xslt"">

<head>

<META http-equiv=""Content-Type"" content=""text/html"">

<meta http-equiv=""content-type"" content=""text/html; charset=UTF-8"">

</head>

<body style=""marg"
103.8516,1.3029,www.yoursingapore.com/en/see-do-singapore/arts/performance-arts/institute-of-contemporary-arts.html,"<html xmlns:fo=""http://www.w3.org/1999/XSL/Format"" xmlns:msxsl=""urn:schemas-microsoft-com:xslt"">

<head>

<META http-equiv=""Content-Type"" content=""text/html"">

<meta http-equiv=""content-type"" content=""text/html; charset=UTF-8"">

</head>

<body style=""marg"
103.863137,1.289299,www.yoursingapore.com/en/see-do-singapore/recreation-leisure/viewpoints/singapore-flyer.html,"<html xmlns:fo=""http://www.w3.org/1999/XSL/Format"" xmlns:msxsl=""urn:schemas-microsoft-com:xslt"">

<head>

<META http-equiv=""Content-Type"" content=""text/html"">

<meta http-equiv=""content-type"" content=""text/html; charset=UTF-8"">

</head>

<body style=""marg"
103.86081,1.283456,www.yoursingapore.com/en/see-do-singapore/architecture/modern/marina-bay-sands.html,"<html xmlns:fo=""http://www.w3.org/1999/XSL/Format"" xmlns:msxsl=""urn:schemas-microsoft-com:xslt"">

<head>

<META http-equiv=""Content-Type"" content=""text/html"">

<meta http-equiv=""content-type"" content=""text/html; charset=UTF-8"">

</head>

<body style=""marg"
103.87159,1.28063,www.yoursingapore.com/en/see-do-singapore/architecture/modern/marina-barrage.html,"<html xmlns:fo=""http://www.w3.org/1999/XSL/Format"" xmlns:msxsl=""urn:schemas-microsoft-com:xslt"">

<head>

<META http-equiv=""Content-Type"" content=""text/html"">

<meta http-equiv=""content-type"" content=""text/html; charset=UTF-8"">

</head>

<body style=""marg"
103.8152539,1.2762425,www.yoursingapore.com/en/see-do-singapore/architecture/modern/henderson-waves.html,"<html xmlns:fo=""http://www.w3.org/1999/XSL/Format"" xmlns:msxsl=""urn:schemas-microsoft-com:xslt"">

<head>

<META http-equiv=""Content-Type"" content=""text/html"">

<meta http-equiv=""content-type"" content=""text/html; charset=UTF-8"">

</head>

<body style=""marg"
103.801944,1.265833,www.yoursingapore.com/en/see-do-singapore/nature-wildlife/reserves/labrador-nature-reserve.html,"<html xmlns:fo=""http://www.w3.org/1999/XSL/Format"" xmlns:msxsl=""urn:schemas-microsoft-com:xslt"">

<head>

<META http-equiv=""Content-Type"" content=""text/html"">

<meta http-equiv=""content-type"" content=""text/html; charset=UTF-8"">

</head>

<body style=""marg"
103.856454,1.2802848,www.yoursingapore.com/en/see-do-singapore/places-to-see/marina-bay-area.html,"<html xmlns:fo=""http://www.w3.org/1999/XSL/Format"" xmlns:msxsl=""urn:schemas-microsoft-com:xslt"">

<head>

<META http-equiv=""Content-Type"" content=""text/html"">

<meta http-equiv=""content-type"" content=""text/html; charset=UTF-8"">

</head>

<body style=""marg"
103.85899,1.2838785,www.yoursingapore.com/en/see-do-singapore/recreation-leisure/resorts/marina-bay-sands.html,"<html xmlns:fo=""http://www.w3.org/1999/XSL/Format"" xmlns:msxsl=""urn:schemas-microsoft-com:xslt"">

<head>

<META http-equiv=""Content-Type"" content=""text/html"">

<meta http-equiv=""content-type"" content=""text/html; charset=UTF-8"">

</head>

<body style=""marg"
103.96371,1.407866,www.yoursingapore.com/en/see-do-singapore/nature-wildlife/reserves/chek-jawa.html,"<html xmlns:fo=""http://www.w3.org/1999/XSL/Format"" xmlns:msxsl=""urn:schemas-microsoft-com:xslt"">

<head>

<META http-equiv=""Content-Type"" content=""text/html"">

<meta http-equiv=""content-type"" content=""text/html; charset=UTF-8"">

</head>

<body style=""marg"
103.854552,1.286862,www.yoursingapore.com/en/see-do-singapore/recreation-leisure/viewpoints/merlion-park.html,"<html xmlns:fo=""http://www.w3.org/1999/XSL/Format"" xmlns:msxsl=""urn:schemas-microsoft-com:xslt"">

<head>

<META http-equiv=""Content-Type"" content=""text/html"">

<meta http-equiv=""content-type"" content=""text/html; charset=UTF-8"">

</head>

<body style=""marg"
103.86081,1.283456,www.yoursingapore.com/en/see-do-singapore/recreation-leisure/viewpoints/marina-bay-sands-skypark.html,"<html xmlns:fo=""http://www.w3.org/1999/XSL/Format"" xmlns:msxsl=""urn:schemas-microsoft-com:xslt"">

<head>

<META http-equiv=""Content-Type"" content=""text/html"">

<meta http-equiv=""content-type"" content=""text/html; charset=UTF-8"">

</head>

<body style=""marg"
103.82033,1.25675,www.yoursingapore.com/en/see-do-singapore/recreation-leisure/resorts/resorts-world-sentosa.html,"<html xmlns:fo=""http://www.w3.org/1999/XSL/Format"" xmlns:msxsl=""urn:schemas-microsoft-com:xslt"">

<head>

<META http-equiv=""Content-Type"" content=""text/html"">

<meta http-equiv=""content-type"" content=""text/html; charset=UTF-8"">

</head>

<body style=""marg"
103.817589,1.280569,www.yoursingapore.com/en/see-do-singapore/nature-wildlife/parks-gardens/the-southern-ridges.html,"<html xmlns:fo=""http://www.w3.org/1999/XSL/Format"" xmlns:msxsl=""urn:schemas-microsoft-com:xslt"">

<head>

<META http-equiv=""Content-Type"" content=""text/html"">

<meta http-equiv=""content-type"" content=""text/html; charset=UTF-8"">

</head>

<body style=""marg"
103.730149,1.44672,www.yoursingapore.com/en/see-do-singapore/nature-wildlife/reserves/sungei-buloh-wetland-reserve.html,"<html xmlns:fo=""http://www.w3.org/1999/XSL/Format"" xmlns:msxsl=""urn:schemas-microsoft-com:xslt"">

<head>

<META http-equiv=""Content-Type"" content=""text/html"">

<meta http-equiv=""content-type"" content=""text/html; charset=UTF-8"">

</head>

<body style=""marg"
103.8194932,1.2573549,www.yoursingapore.com/en/see-do-singapore/nature-wildlife/fun-with-animals/sea-aquarium.html,"<html xmlns:fo=""http://www.w3.org/1999/XSL/Format"" xmlns:msxsl=""urn:schemas-microsoft-com:xslt"">

<head>

<META http-equiv=""Content-Type"" content=""text/html"">

<meta http-equiv=""content-type"" content=""text/html; charset=UTF-8"">

</head>

<body style=""marg"
103.84676,1.28848,www.yoursingapore.com/en/see-do-singapore/places-to-see/singapore-river.html,"<html xmlns:fo=""http://www.w3.org/1999/XSL/Format"" xmlns:msxsl=""urn:schemas-microsoft-com:xslt"">

<head>

<META http-equiv=""Content-Type"" content=""text/html"">

<meta http-equiv=""content-type"" content=""text/html; charset=UTF-8"">

</head>

<body style=""marg"
103.90448,1.30589,www.yoursingapore.com/en/see-do-singapore/places-to-see/joochiat-katong.html,"<html xmlns:fo=""http://www.w3.org/1999/XSL/Format"" xmlns:msxsl=""urn:schemas-microsoft-com:xslt"">

<head>

<META http-equiv=""Content-Type"" content=""text/html"">

<meta http-equiv=""content-type"" content=""text/html; charset=UTF-8"">

</head>

<body style=""marg"
103.82809,1.24883,www.yoursingapore.com/en/see-do-singapore/places-to-see/sentosa.html,"<html xmlns:fo=""http://www.w3.org/1999/XSL/Format"" xmlns:msxsl=""urn:schemas-microsoft-com:xslt"">

<head>

<META http-equiv=""Content-Type"" content=""text/html"">

<meta http-equiv=""content-type"" content=""text/html; charset=UTF-8"">

</head>

<body style=""marg"
103.843771,1.2817,www.yoursingapore.com/en/see-do-singapore/places-to-see/chinatown.html,"<html xmlns:fo=""http://www.w3.org/1999/XSL/Format"" xmlns:msxsl=""urn:schemas-microsoft-com:xslt"">

<head>

<META http-equiv=""Content-Type"" content=""text/html"">

<meta http-equiv=""content-type"" content=""text/html; charset=UTF-8"">

</head>

<body style=""marg"
103.84438,1.28162,www.yoursingapore.com/en/see-do-singapore/culture-heritage/places-of-worship/buddha-tooth-relic-temple-museum.html,"<html xmlns:fo=""http://www.w3.org/1999/XSL/Format"" xmlns:msxsl=""urn:schemas-microsoft-com:xslt"">

<head>

<META http-equiv=""Content-Type"" content=""text/html"">

<meta http-equiv=""content-type"" content=""text/html; charset=UTF-8"">

</head>

<body style=""marg"
103.851356,1.290141,www.yoursingapore.com/en/see-do-singapore/arts/museums-galleries/national-gallery-singapore.html,"<html xmlns:fo=""http://www.w3.org/1999/XSL/Format"" xmlns:msxsl=""urn:schemas-microsoft-com:xslt"">

<head>

<META http-equiv=""Content-Type"" content=""text/html"">

<meta http-equiv=""content-type"" content=""text/html; charset=UTF-8"">

</head>

<body style=""marg"
103.823808,1.254042,www.yoursingapore.com/en/see-do-singapore/recreation-leisure/fun-things-to-do/universal-studios-singapore.html,"<html xmlns:fo=""http://www.w3.org/1999/XSL/Format"" xmlns:msxsl=""urn:schemas-microsoft-com:xslt"">

<head>

<META http-equiv=""Content-Type"" content=""text/html"">

<meta http-equiv=""content-type"" content=""text/html; charset=UTF-8"">

</head>

<body style=""marg"
103.735872,1.33295,www.yoursingapore.com/en/see-do-singapore/recreation-leisure/fun-things-to-do/science-centre.html,"<html xmlns:fo=""http://www.w3.org/1999/XSL/Format"" xmlns:msxsl=""urn:schemas-microsoft-com:xslt"">

<head>

<META http-equiv=""Content-Type"" content=""text/html"">

<meta http-equiv=""content-type"" content=""text/html; charset=UTF-8"">

</head>

<body style=""marg"
103.84887,1.28292,www.yoursingapore.com/en/see-do-singapore/culture-heritage/heritage-discovery/fuk-tak-chi-museum.html,"<html xmlns:fo=""http://www.w3.org/1999/XSL/Format"" xmlns:msxsl=""urn:schemas-microsoft-com:xslt"">

<head>

<META http-equiv=""Content-Type"" content=""text/html"">

<meta http-equiv=""content-type"" content=""text/html; charset=UTF-8"">

</head>

<body style=""marg"
103.90714,1.30726,www.yoursingapore.com/en/see-do-singapore/culture-heritage/heritage-discovery/katong-antique-house.html,"<html xmlns:fo=""http://www.w3.org/1999/XSL/Format"" xmlns:msxsl=""urn:schemas-microsoft-com:xslt"">

<head>

<META http-equiv=""Content-Type"" content=""text/html"">

<meta http-equiv=""content-type"" content=""text/html; charset=UTF-8"">

</head>

<body style=""marg"
103.73,1.338611,www.yoursingapore.com/en/see-do-singapore/nature-wildlife/parks-gardens/chinese-garden.html,"<html xmlns:fo=""http://www.w3.org/1999/XSL/Format"" xmlns:msxsl=""urn:schemas-microsoft-com:xslt"">

<head>

<META http-equiv=""Content-Type"" content=""text/html"">

<meta http-equiv=""content-type"" content=""text/html; charset=UTF-8"">

</head>

<body style=""marg"
103.912187,1.300784,www.yoursingapore.com/en/see-do-singapore/nature-wildlife/parks-gardens/east-coast-park.html,"<html xmlns:fo=""http://www.w3.org/1999/XSL/Format"" xmlns:msxsl=""urn:schemas-microsoft-com:xslt"">

<head>

<META http-equiv=""Content-Type"" content=""text/html"">

<meta http-equiv=""content-type"" content=""text/html; charset=UTF-8"">

</head>

<body style=""marg"
103.846509,1.295382,www.yoursingapore.com/en/see-do-singapore/nature-wildlife/parks-gardens/fort-canning-park.html,"<html xmlns:fo=""http://www.w3.org/1999/XSL/Format"" xmlns:msxsl=""urn:schemas-microsoft-com:xslt"">

<head>

<META http-equiv=""Content-Type"" content=""text/html"">

<meta http-equiv=""content-type"" content=""text/html; charset=UTF-8"">

</head>

<body style=""marg"
103.8605232,1.2230965,www.yoursingapore.com/en/see-do-singapore/nature-wildlife/singapore-islands/kusu-island.html,"<html xmlns:fo=""http://www.w3.org/1999/XSL/Format"" xmlns:msxsl=""urn:schemas-microsoft-com:xslt"">

<head>

<META http-equiv=""Content-Type"" content=""text/html"">

<meta http-equiv=""content-type"" content=""text/html; charset=UTF-8"">

</head>

<body style=""marg"
103.706442,1.318706,www.yoursingapore.com/en/see-do-singapore/nature-wildlife/fun-with-animals/jurong-bird-park.html,"<html xmlns:fo=""http://www.w3.org/1999/XSL/Format"" xmlns:msxsl=""urn:schemas-microsoft-com:xslt"">

<head>

<META http-equiv=""Content-Type"" content=""text/html"">

<meta http-equiv=""content-type"" content=""text/html; charset=UTF-8"">

</head>

<body style=""marg"
103.799724,1.279069,www.yoursingapore.com/en/see-do-singapore/nature-wildlife/parks-gardens/hortpark.html,"<html xmlns:fo=""http://www.w3.org/1999/XSL/Format"" xmlns:msxsl=""urn:schemas-microsoft-com:xslt"">

<head>

<META http-equiv=""Content-Type"" content=""text/html"">

<meta http-equiv=""content-type"" content=""text/html; charset=UTF-8"">

</head>

<body style=""marg"
103.8195254,1.2573388,www.yoursingapore.com/en/see-do-singapore/recreation-leisure/fun-things-to-do/adventure-cove.html,"<html xmlns:fo=""http://www.w3.org/1999/XSL/Format"" xmlns:msxsl=""urn:schemas-microsoft-com:xslt"">

<head>

<META http-equiv=""Content-Type"" content=""text/html"">

<meta http-equiv=""content-type"" content=""text/html; charset=UTF-8"">

</head>

<body style=""marg"
103.8516,1.3029,www.yoursingapore.com/en/see-do-singapore/architecture/modern/lassalle-college-of-the-arts.html,"<html xmlns:fo=""http://www.w3.org/1999/XSL/Format"" xmlns:msxsl=""urn:schemas-microsoft-com:xslt"">

<head>

<META http-equiv=""Content-Type"" content=""text/html"">

<meta http-equiv=""content-type"" content=""text/html; charset=UTF-8"">

</head>

<body style=""marg"